scottvlaminck, daveklein, 1
natebunnyfield, lawrencecoders, 1
noelweichbrodt, jessephelps, 1
zak_89, kevinweil, 1
gbrettmiller, bsletten, 2
theloudfew, square, 1
alan_zimm, hmason, 1
drewconway, hmason, 1
ChariotSolution, mkwhit, 1
mind_scratch, ryah, 1
loganj, quoll, 1
leebenjp, kevinweil, 1
billynewport, edyavno, 1
RaceTripper, crazybob, 1
crazybob, pistl, 1
zenmatt, DevStructure, 1
noelweichbrodt, xefyr, 1
gbrettmiller, darkxanthos, 2
brntbeer, thecoffman, 1
etorreborre, scottdavis99, 1
jrmiller, scottbale, 1
nhoizey, jacobian, 1
benatkin, abscondment, 1
gbrettmiller, noelweichbrodt, 2
jpatanooga, hmason, 1
number_seven, JohnJMcG, 1
shahkartik, ericholscher, 1
sragu, realjenius, 1
kensipe, kensipe, 1
kensipe, hmason, 2
xefyr, al3x, 1
akpurtell, quoll, 1
zacduncan, chrishouser, 1
paulk_asert, crazybob, 1
joyent, ryah, 1
devn, edyavno, 1
number_seven, billynewport, 1
jgrahamc, hmason, 1
joedevon, bsletten, 1
zacduncan, asynchrony, 1
mfollett, TCBullfrog, 1
javascript8, ryah, 1
complexitys, gbrettmiller, 2
boblozano, kylecordes, 2
steinburglar, davidbiesack, 1
darkxanthos, rhauch, 1
mrfritz379, jeffscottbrown, 2
karmazilla, hmason, 1
metathis, kevinweil, 1
leebenjp, realjenius, 1
hmCuesta, scottdavis99, 1
rc_dickerson, strangeloop_stl, 1
jefframnani, joshbloch, 1
kensipe, nicholascloud, 1
ctwomey, tlberglund, 1
tlberglund, tlberglund, 1
gamino, deanwampler, 1
davidbiesack, hmason, 2
psh, heathborders, 1
gbrettmiller, hmason, 5
amitrathore, celestecooper, 1
akarazniewicz, strangeloop_stl, 1
shahkartik, sragu, 1
EventCloudPro, edyavno, 3
gbrettmiller, mfazio23, 2
complexitys, tl, 1
benfulton, mrfritz379, 1
ebenhewitt, bsletten, 1
michaelschade, billynewport, 1
mccrory, realjenius, 1
alexdong, number_seven, 1
mbrevoort, strangeloop_stl, 1
juliakoelsch, squarepegsys, 1
cindybloch, mfazio23, 1
sragu, scottdavis99, 2
jrmiller, heathborders, 1
AlainODea, rklophaus, 1
staticnullvoid, scottdavis99, 1
matthewmccull, mfazio23, 1
n0rbert, jLank, 1
happysantoo, scottdavis99, 1
kendall, gazialankus, 1
david_mcneil, kylecordes, 1
mwessendorf, heathborders, 1
michaelschade, hmason, 3
hjarche, hjarche, 1
peteaven, hunterhacker, 1
eedeebee, ebenhewitt, 2
mfollett, juliakoelsch, 1
arnaudsj, ryah, 1
developernotes, kevinweil, 1
gbrettmiller, scottbale, 1
juliakoelsch, benfulton, 1
jLank, benatkin, 1
dshaw, darkxanthos, 1
erik_petersen, ebenhewitt, 1
timyardley, quoll, 1
ratsbane, ryah, 1
nicknisi, temojin, 1
wmacgyver, jacobian, 1
leebenjp, scottbale, 1
ScottSusman, kyledyer, 1
aalmiray, scottdavis99, 1
mfazio23, juliakoelsch, 1
gscjim, billynewport, 1
agilefugue, tlberglund, 1
mattz62, davidbiesack, 1
rhyolight, alenards, 1
gabe_himself, gscjim, 1
darkxanthos, mkwhit, 1
paulk_asert, joshbloch, 1
heathborders, jessephelps, 1
stuartsierra, chrishouser, 1
psh, bsletten, 1
ScorchedPanda, hmason, 1
digitallogic, hmason, 1
darkxanthos, getify, 1
mbrevoort, scottdavis99, 1
bfritz, Hmason, 1
mrfritz379, joshbloch, 1
hungryblank, hmason, 1
theloudfew, joshkocurek, 1
matthew_betz, tlberglund, 1
leebenjp, wycats, 1
gbrettmiller, quoll, 2
matthewmccull, tlberglund, 1
bashwork, quoll, 1
tikbmc, Hmason, 2
sragu, darkxanthos, 1
noelweichbrodt, lessig, 1
esammer, ebenhewitt, 1
ebenhewitt, hmason, 2
noelweichbrodt, tlberglund, 1
bitoverflow, vilhelmk, 1
bradfordcross, nathanmarz, 1
squarepegsys, hmason, 2
nelsonforte, EventCloudPro, 1
spyced, ebenhewitt, 1
matthew_betz, gbrettmiller, 1
shawnrhoads, ajlevinson, 1
metathis, scottbale, 1
ruralocity, lawrencecoders, 1
aidanfeldman, juliakoelsch, 1
kellblog, hunterhacker, 1
devn, hmason, 2
mfazio23, tlberglund, 3
edyavno, scottdavis99, 1
alexdong, scottdavis99, 1
mattz62, ebenhewitt, 1
psi, cashion, 1
mfollett, squarepegsys, 1
mansoor_Ashraf, abh_sc, 1
mshuler, wycats, 1
randland, devn, 1
quoll, fogus, 1
number_seven, edyavno, 1
fbru02, abscondment, 1
steinburglar, steinburglar, 1
daveklein, jeffscottbrown, 1
jefframnani, Hmason, 1
vilhelmk, tlberglund, 1
AMBabka, steinburglar, 1
theloudfew, urbhub, 1
mfollett, natesbrain, 1
darkxanthos, shawnrhoads, 1
gw4722, hmason, 1
shahkartik, leebenjp, 1
squarepegsys, devn, 1
mstine, strangeloop_stl, 1
toolbear74, ryah, 2
xefyr, amitrathore, 1
psh, kensipe, 3
scottbale, hmason, 3
mrfritz379, hmason, 2
RaceTripper, RaceTripper, 1
alexdong, bootload, 2
juliakoelsch, tikbmc, 3
eliasisrael, hmason, 1
psh, darkxanthos, 1
wondible, rbranson, 1
DeanWeber, hmason, 1
zenmatt, rcrowley, 1
cwfreeman, hmason, 2
cwfreeman, LuigiMontanez, 1
edyavno, goneflyin, 1
darkxanthos, GuySteele, 1
mfollett, strangeloop_stl, 1
jasoncodes, hmason, 1
toolbear74, heathborders, 1
dgoodlad, squarepegsys, 1
quoll, xefyr, 1
jhaile, edyavno, 1
loganj, billynewport, 1
davidbiesack, kevinweil, 2
wimplash, objcmdo, 1
dshaw, rhyolight, 1
zenmatt, mihasya, 1
temojin, nicholascloud, 1
metathis, daveklein, 1
gamino, hmason, 1
n1k0, jacobian, 1
alexdong, akpurtell, 1
stagas, ryah, 1
scottbale, psh, 2
kaarchie, heathborders, 1
pauldoo, strangeloop_stl, 1
shahkartik, michaelg, 1
wadearnold, oracle, 1
iceycake, scottdavis99, 1
emileifrem, scottdavis99, 1
kensipe, puredanger, 1
ChariotSolution, cashion, 1
gbrettmiller, strangeloop_stl, 2
EAlexTheGreat, adamboyet, 1
tlberglund, kevinweil, 1
davidgreco, loganj, 1
isterin, hmason, 2
theloudfew, theloudfew, 2
cemerick, chrishouser, 1
samruby, wycats, 1
paulk_asert, scottdavis99, 1
twleung, strangeloop_stl, 1
paulk_asert, mfollett, 1
CharlieCollins, MarioAquino, 1
mfazio23, ropperman, 1
scottbale, feyeleanor, 2
ebenhewitt, joshbloch, 1
kendall, bsletten, 2
shahkartik, hmason, 1
mwessendorf, ryah, 1
spencertipping, benatkin, 1
gcarothers, quoll, 1
zenmatt, al3x, 1
johndagostino, jacobian, 1
theloudfew, strangeloop_stl, 1
viktorklang, deanwampler, 1
mrfritz379, aalmiray, 1
michaelschade, darkxanthos, 1
michaelmontano, nathanmarz, 1
toolbear74, billynewport, 4
sragu, ebenhewitt, 2
ebenhewitt, shahkartik, 2
daveklein, hunterhacker, 1
shahkartik, bsletten, 1
sragu, quoll, 1
lancefinney, noelweichbrodt, 1
estebistec, mkwhit, 1
quoll, bsletten, 1
alexdong, paraseba, 1
heathborders, michaelg, 1
samruby, jacobian, 1
jesserobbins, squarepegsys, 1
developernotes, juliakoelsch, 1
theloudfew, robinrath, 1
mfazio23, renesis66, 2
EventCloudPro, EventCloudPro, 1
kashtanov, ryah, 1
jdub, jacobian, 1
darkxanthos, quoll, 2
jpatanooga, quoll, 1
jLank, vilhelmk, 1
rhauch, gbrettmiller, 3
complexitys, tlberglund, 1
alexdong, quoll, 1
mfollett, darkxanthos, 1
happysantoo, ebenhewitt, 1
edyavno, orderedlist, 1
janl, wycats, 1
peteaven, animedbz16, 1
danker, tedneward, 1
psh, kevinweil, 1
pharkmillups, rklophaus, 1
eedeebee, byteworks, 1
wadearnold, guysteel, 2
psybert, stevemz, 1
paulk_asert, quoll, 1
strangeloop_stl, brntbeer, 2
fbru02, paraseba, 1
Gaffo, heathborders, 1
magicbaseball1, mfazio232010We, 1
paulk_asert, ebenhewitt, 1
temojin, joedevon, 2
jayfour000, imaack, 1
chakrit, scottdavis99, 1
mfazio23, nicholascloud, 1
daniellindsley, hmason, 1
benfulton, hmason, 1
benatkin, wycats, 2
david_mcneil, billynewport, 1
EAlexTheGreat, dstrom, 1
hectcastro, squarepegsys, 1
mbrevoort, eedeebee, 1
mfazio23, darkxanthos, 3
twoofour, burke_eric, 1
gamino, kevinweil, 1
darkxanthos, tlberglund, 4
quoll, kylecordes, 3
daveklein, fifthposition, 1
michaelg, joshbloch, 1
heathborders, lab49, 1
gbrettmiller, Riddle, 1
fakod, akpurtell, 1
loganj, michaelg, 4
hby, chrishouser, 1
cbilson, hmason, 1
codetojoy, MetaThis, 1
brywilliams, ebenhewitt, 1
puredanger, MarioAquino, 1
benatkin, getify, 1
darkxanthos, justinpeterman, 1
AlainODea, pharkmillups, 1
AaronErickson, hmason, 1
gbrettmiller, LuigiMontanez, 2
briemens, ryah, 1
paulk_asert, RaceTripper, 1
heathborders, asynchrony, 1
mfazio23, crazybob, 1
edyavno, loganj, 1
JoeyMcAllister, toolbear74, 1
noelweichbrodt, scottbale, 1
quoll, michaelmontano, 2
JohnJMcG, hmason, 1
jLank, realjenius, 1
CharlieCollins, loganj, 1
mansoor_Ashraf, scottdavis99, 1
jessephelps, nicholascloud, 2
justinko, mrfritz379, 1
agilefugue, bsletten, 1
scottackerson, gw4722, 1
robbr, michaelg, 1
vilhelmk, scottdavis99, 1
daveklein, bsletten, 1
crazybob, joshbloch, 1
billgloff, ebenhewitt, 1
mrtoto, scottdavis99, 1
jacobian, tlberglund, 1
noelweichbrodt, bit, 1
alenards, mihasya, 1
rbranson, ebenhewitt, 1
SapsuckerFarms, jwynia, 1
mrfritz379, billynewport, 2
listrophy, devn, 1
puffybsd, chouser, 1
nathanmarz, backtype, 1
ngvrnd, quoll, 1
gbrettmiller, kevinweil, 3
mikeloukides, ebenhewitt, 1
gbrettmiller, realjenius, 1
bfritz, juliakoelsch, 1
ecspike, feyeleanor, 1
getify, hby, 1
billynewport, boblozano, 1
alexdong, noelweichbrodt, 1
gbrettmiller, rosspb3, 1
chrishouser, brntbeer, 1
alexdong, jwynia, 1
KrageJ, feyeleanor, 1
daveklein, zak_89, 1
vilhelmk, realjenius, 1
xefyr, chrishouser, 1
lancefinney, puredanger, 1
mfazio23, bsletten, 1
loganj, puredanger, 1
juliakoelsch, Hmason, 1
darkxanthos, shahkartik, 2
fogus, hmason, 1
vilhelmk, darkxanthos, 1
theloudfew, marmadukebrew, 1
mrfritz379, jessephelps, 1
Mvrilo, ryah, 1
benfulton, bsletten, 1
kylecordes, kaarchie, 2
metathis, puredanger, 1
bsletten, gazialankus, 1
scottbale, kevinweil, 2
puffybsd, kylecordes, 1
darkxanthos, darkxanthos, 3
darcia, scottdavis99, 1
excid3, brntbeer, 1
paulk_asert, ryah, 1
gbrettmiller, mechazoidal, 1
leebenjp, darkxanthos, 1
mfazio23, tedneward, 2
mfazio23, joshbloch, 1
mc, cashion, 1
kensipe, kylecordes, 2
billynewport, cwfreeman, 1
darkxanthos, jesserobbins, 1
brntbeer, github, 2
jprossjr, johnjmcg, 1
kaleidic, strangeloop_stl, 1
bowmanspartan, chris_degroat, 1
strangeloop_stl, outten45, 2
rhauch, kevinweil, 2
loganj, djspiewak, 1
rosspb3, hmason, 2
theloudfew, nicholascloud, 1
gbrettmiller, twitter, 2
billynewport, hmason, 1
jclouds, objcmdo, 1
gscjim, hmason, 1
coreyhaines, toolbear74, 1
codesurgeon, crazybob, 1
jclouds, benatkin, 1
janl, jacobian, 1
boblozano, scottbale, 3
ligolnik, scottdavis99, 1
boblozano, psh, 1
mrfritz379, ebenhewitt, 1
bradfordcross, backtype, 1
amitrathore, hmason, 1
paulk_asert, hmason, 1
mikenishizawa, scottdavis99, 2
ecspike, scottbale, 1
darkxanthos, davidbiesack, 3
jLank, nicholascloud, 1
jLank, mfazio23, 1
mfazio23, scottbale, 1
kylecordes, paraseba, 1
bashwork, Adkron, 1
jim63116, luigimontanez, 1
ebenhewitt, scottdavis99, 3
jeffbski, wycats, 1
bsletten, hmason, 1
scottbale, bit, 1
kabir696, Gush, 1
mbrevoort, rhyolight, 1
rosspb3, goneflyin, 1
squarepegsys, strangeloop_stl, 2
matthewmccull, puredanger, 1
edyavno, adamboyet, 3
jhaile, kevinweil, 1
wadearnold, hmason, 1
cindybloch, joshbloch, 1
toolbear74, hmason, 2
goneflyin, hmason, 2
SusanPotter, leinweber, 1
marmadukebrew, ropperman, 1
number_seven, ebenhewitt, 1
edyavno, hmason, 2
steinburglar, darkxanthos, 2
kylecordes, joneilloine, 1
davidbiesack, billynewport, 1
WrightLabs, temojin, 1
andreisavu, cashion, 1
darkxanthos, strangeloop_stl, 3
theloudfew, puredanger, 1
realjenius, deanwampler, 2
ebenhewitt, eric_brewer, 1
cashion, hmason, 1
benatkin, edyavno, 1
sragu, hmason, 2
steinburglar, robinrath, 1
mfollett, gabe_himself, 1
jLank, ropperman, 1
lisackeller, stlbyteworks, 1
theloudfew, temojin, 1
jLank, agilefugue, 1
daniellindsley, orderedlist, 1
ebenhewitt, kcpeppe, 1
adrienneleigh, abscondment, 1
theloudfew, stlbyteworks, 1
gbrettmiller, goneflyin, 1
mrfritz379, scottdavis99, 3
andreisavu, mkwhit, 1
heathborders, puredanger, 1
number_seven, hmason, 1
erik_petersen, scottdavis99, 1
mrfritz379, tlberglund, 1
sragu, gabe_himself, 1
vilhelmk, nicholascloud, 1
jdub, wycats, 1
ScottSusman, 78mgb, 1
ScottSusman, JCake09, 1
ebenhewitt, strangeloop_stl, 1
WarN4N, scottdavis99, 1
quoll, chrishouser, 1
znbailey, kevinweil, 1
IDisposable, janit0r, 1
rkenned, stlbyteworks, 1
zacduncan, billynewport, 1
lmcalpin, mrfritz379, 1
hby, eedeebee, 1
darkxanthos, jongman, 1
deezthugs, jacobian, 1
goneflyin, tlberglund, 1
mfazio23, edyavno, 2
daveklein, kensipe, 1
twleung, getify, 1
edyavno, edyavno, 3
heathborders, hmason, 1
adityo, chrishouser, 1
abscondment, chrishouser, 1
heathborders, ryah, 1
gbrettmiller, tlberglund, 4
fbru02, nathanmarz, 1
daveklein, scottdavis99, 1
davidbiesack, strangeloop_stl, 1
darkxanthos, dforootan, 1
leebenjp, kensipe, 1
rhauch, strangeloop_stl, 1
gbrettmiller, tikbmc, 1
squarepegsys, scottdavis99, 1
bashwork, billynewport, 1
alexdong, gbrettmiller, 1
noelweichbrodt, archreactorstl, 1
scottdavis99, hmason, 1
noelweichbrodt, Riddle, 1
rookd1, jacobian, 1
nelsonforte, hmason, 1
jacobian, wycats, 1
darkxanthos, ferventcoder, 2
vicmargar, hmason, 1
tamizhan, ryah, 1
zak_89, tlberglund, 2
benatkin, hmason, 1
ryanobjc, quoll, 1
fogus, JohnJMcG, 1
cashion, mkwhit, 2
tikbmc, juliekoelsch, 1
MarioAquino, rklophaus, 1
daveklein, hmason, 1
animedbz16, davidbiesack, 1
mfollett, heathborders, 3
steinburglar, urbhub, 1
MarkBorcherding, clinted, 1
twleung, wycats, 1
theloudfew, steinburglar, 2
cwfreeman, darkxanthos, 1
wangjammer5, mrfritz379, 1
davidbiesack, ebenhewitt, 2
burke_eric, michaelg, 1
noelweichbrodt, justinbieber, 1
davidgreco, jhaile, 1
fogus, chrishouser, 1
alenards, ryah, 1
juliakoelsch, stlbyteworks, 1
mfollett, micheleberg, 1
ebenhewitt, wadearnold, 2
jericevans, jacobian, 1
rkenned, gbrettmiller, 1
edv4rd0, quoll, 1
billynewport, kevinweil, 1
quoll, objcmdo, 1
zacduncan, ronstrawbridge, 1
bsletten, bsletten, 2
paulk_asert, squarepegsys, 1
gamino, twitter, 1
paulk_asert, jwynia, 1
nicknisi, hmason, 1
michaelg, crazybob, 1
matthewmccull, kevinweil, 2
jrmiller, hmason, 1
larrywright, hmason, 1
darkxanthos, hmason, 7
tikbmc, hmason, 1
abh_sc, scottdavis99, 1
mshuler, jacobian, 1
agassner, ryah, 1
scottvlaminck, wangjammer5, 1
benfulton, scottdavis99, 1
bsletten, davidbiesack, 2
darkxanthos, cashion, 1
estebistec, cashion, 1
gw4722, heathborders, 1
natesbrain, hmason, 1
sragu, tlberglund, 1
bartosiewicz, YonLabs, 1
edyavno, tlberglund, 1
mintchaos, tlberglund, 1
gbrettmiller, usestrict, 1
benfulton, SoundSystemSDC, 2
mfazio23, mansoor_ashraf, 1
bbatsov, chrishouser, 1
eedeebee, ryah, 1
eedeebee, heathborders, 1
daveklein, MetaThis, 1
marick, polgfred, 1
jpatanooga, akpurtell, 1
mattdsteele, toolbear74, 1
jedisct1, ryah, 1
theloudfew, andrewbeegle, 1
jim63116, stlbyteworks, 1
paulk_asert, strangeloop_stl, 1
cashion, cashion, 1
edyavno, wadearnold, 3
mechazoidal, p_crowley, 1
lancefinney, tlberglund, 1
listrophy, bendycode, 1
mfazio23, hmason, 4
matthew_betz, complexitys, 1
theloudfew, billynewport, 2
matthewmccull, donmullen, 1
GregOstravich, scottdavis99, 1
hmason, LydiaHaas, 1
kensipe, matthewmccull, 1
billgloff, daveklein, 2
ebenhewitt, darkxanthos, 3
sdether, squarepegsys, 1
zak_89, twitter, 1
tlberglund, hmason, 2
hmason, quoll, 3
mfollett, scottbale, 1
BenCoding, AaronErickson, 1
twleung, quoll, 1
dshaw, edyavno, 1
deanwampler, dcbriccetti, 1
dapiam, quoll, 1
benatkin, ebenhewitt, 1
squarepegsys, daveklein, 1
scottvlaminck, hmason, 1
RaceTripper, joshbloch, 1
codesurgeon, scottdavis99, 1
diogobaeder, ryah, 1
ebenhewitt, mfazio23, 2
nicknisi, noelweichbrodt, 1
javascript8, heathborders, 1
kylecordes, number_seven, 1
heathborders, jwmach1, 1
larrywright, tlberglund, 2
codetojoy, bsletten, 1
hoodja, scottdavis99, 1
Adkron, wycats, 1
metathis, bsletten, 1
michaelg, scottdavis99, 1
cyunker, getify, 1
toolbear74, getify, 1
nicknisi, chrishouser, 1
robbr, joshbloch, 1
wadearnold, deanwampler, 1
ScottSusman, squarepegsys, 2
zacduncan, gaffo, 1
robbr, crazybob, 1
noelweichbrodt, micheleberg, 1
imaack, michaelg, 1
mansoor_Ashraf, theloudfew, 1
kaarchie, hmason, 1
etorreborre, ebenhewitt, 1
jim63116, tberglund, 1
heathborders, JARinteractive, 1
estebistec, chrishouser, 1
adamboyet, kevinweil, 1
adamtybor, AaronErickson, 1
dforootan, micheleberg, 1
lisackeller, steinburglar, 2
benatkin, kylecordes, 2
mkwhit, joshbloch, 1
n1k0, wycats, 1
jLank, eedeebee, 1
niffrig, burke_eric, 1
ctwomey, al3x, 1
twleung, jacobian, 1
zacduncan, heathborders, 1
JeffGortatowsky, strangeloop_stl, 1
eedeebee, kylecordes, 1
PierreJoye, jacobian, 1
hjarche, gbrettmiller, 2
fakod, quoll, 1
noelweichbrodt, billynewport, 1
goneflyin, strangeloop_stl, 1
fogus, davidbiesack, 1
leebenjp, heathborders, 1
noelweichbrodt, LuigiMontanez, 1
animedbz16, shawnrhoads, 1
jLank, mrfritz379, 1
gbrettmiller, puredanger, 1
mjmalone, rcrowley, 1
developernotes, Hmason, 1
scottbale, objcmdo, 2
cashion, dgoodlad, 1
twoofour, michaelg, 3
psh, hmason, 1
noelweichbrodt, orderedlist, 1
zenmatt, cashion, 1
the_mjschultz, p_crowley, 1
paulk_asert, billgloff, 1
nusairat, scottdavis99, 1
nhoizey, wycats, 1
gamino, scottdavis99, 1
DeanWeber, chrishouser, 1
eedeebee, edyavno, 1
mgroves, wimplash, 1
CharlieCollins, michaelg, 2
marmadukebrew, tlberglund, 1
ebenhewitt, kevinweil, 2
estebistec, vic_nyc, 1
jefframnani, juliakoelsch, 1
matthewmccull, bsletten, 1
AMBabka, billynewport, 1
mfollett, JohnJMcG, 1
edyavno, ebenhewitt, 4
hby, strangeloop_stl, 1
scottdavis99, hunterhacker, 1
jLank, kylecordes, 1
niffrig, toolbear74, 1
sleeptillseven, ryah, 1
isterin, Werner, 1
number_seven, devn, 1
EventCloudPro, wadearnold, 2
rhyolight, jeffscottbrown, 1
rhauch, stlbyteworks, 1
PierreJoye, wycats, 1
jacobian, number_seven, 1
alexdong, distlr, 3
daveklein, sharrissf, 1
ShawnWildermuth, AaronErickson, 1
imyousuf, akpurtell, 1
duomark, ctwomey, 1
jLank, nicknisi, 1
cyunker, benfulton, 1
jLank, gaker, 1
realjenius, mgalpin, 1
heathborders, twitter, 1
wimplash, scottdavis99, 1
justinko, lmcalpin, 1
billgloff, scottdavis99, 1
rjsalicco, scottdavis99, 1
ScottSusman, mattdsteele, 1
mattsellars, goneflyin, 1
gbrettmiller, jamescarr, 1
jpatanooga, xefyr, 1
ebenhewitt, kylecordes, 2
scottbale, ryah, 1
deanwampler, strangeloop_stl, 1
squarepegsys, abh_sc, 1
ramhiser, hmason, 1
codesurgeon, joshbloch, 1
gamino, LuigiMontanez, 1
steinburglar, billynewport, 1
billynewport, darkxanthos, 1
juliakoelsch, hmason, 1
devn, wycats, 1
mfirdaus, hby, 1
quoll, mechazoidal, 1
sragu, kevinweil, 1
shoesobjects, nneuberger1, 1
mfollett, Hmason, 1
davidbiesack, chrishouser, 1
trjohn06, hmason, 1
wimplash, StarClipper, 1
wimplash, tedneward, 1
crazybob, square, 1
psh, ryah, 1
Gaffo, wycats, 1
scottvlaminck, rhyolight, 1
hmCuesta, aalmiray, 1
ryanobjc, akpurtell, 1
steinburglar, ferventcoder, 3
alenards, hmason, 1
Gaffo, zacduncan, 2
leebenjp, hmason, 2
thecoffman, nathanmarz, 1
jLank, bsletten, 1
apichaic, kensipe, 1
daveklein, codetojoy, 1
jLank, paraseba, 1
ebenhewitt, ebenhewitt, 1
jongman, tlberglund, 1
headius, saranutter, 1
drinks_sobe, scottdavis99, 1
nicknisi, gw4722, 1
RaceTripper, billynewport, 2
natebunnyfield, ruralocity, 1
quoll, puredanger, 1
strangeloop_stl, strangeloop_stl, 1
chilang, strangeloop_stl, 1
gbrettmiller, boblozano, 1
darkxanthos, outten45, 1
darkxanthos, squarepegsys, 1
mrfritz379, nicholascloud, 1
mfazio23, michaelg, 2
bashwork, wycats, 1
codesurgeon, michaelg, 1
rgaidot, ryah, 1
EventCloudPro, hmason, 1
jessephelps, strangeloop_stl, 1
rkenned, hmason, 1
jrmiller, twitter, 1
darkxanthos, kevinweil, 2
aidanfeldman, Hmason, 1
theloudfew, quoll, 1
tlberglund, jim63116, 1
darkxanthos, benfulton, 1
ChariotSolution, akarazniewicz, 1
ctwomey, realjenius, 1
toolbear74, wycats, 1
cashion, squarepegsys, 1
ebenhewitt, kensipe, 2
heathborders, metathis, 1
hunterhacker, animedbz16, 1
daveklein, tlberglund, 1
gbrettmiller, stlbyteworks, 1
lancefinney, quoll, 1
wimplash, strangeloop_stl, 1
mfollett, hmason, 3
natemckie, ebenhewitt, 1
darcia, ebenhewitt, 1
daniel_levine, hmason, 1
prenagha, edyavno, 1
boblozano, kevinweil, 3
gbrettmiller, cwfreeman, 2
niffrig, crazybob, 1
alexdong, heathborders, 1
shawnrhoads, sragu, 1
JenniSyed, gw4722, 1
twleung, hmason, 1
jericevans, wycats, 1
ctwomey, bashwork, 1
roamnoth, jdherg, 1
demisbellot, ryah, 1
TommyVulgar, squarepegsys, 1
number_seven, quoll, 1
toolbear74, bnewport, 1
gbrettmiller, juliakoelsch, 1
juliakoelsch, theloudfew, 1
michaelschade, puredanger, 1
scottvlaminck, mrfritz379, 1
spencertipping, kylecordes, 1
CharlieCollins, puredanger, 1
mfazio23, mrfritz379, 1
benatkin, wondible, 2
noelweichbrodt, mihasya, 1
wimplash, heathborders, 1
prashmohan, hmason, 1
darkxanthos, ericholscher, 1
theloudfew, gbrettmiller, 1
spyced, davidbiesack, 1
nicholascloud, scottdavis99, 1
rbranson, adrienneleigh, 1
gbrettmiller, stevenbjohnson, 1
devn, daveklein, 1
dalmaer, crazybob, 1
DarinPope, tlberglund, 1
ebenhewitt, danker, 2
imyousuf, quoll, 1
mansoor_Ashraf, strangeloop_stl, 1
cbilson, darkxanthos, 1
DJHunt, quoll, 1
noelweichbrodt, hmason, 3
joneilloine, ebenhewitt, 1
michaelschade, scottbale, 2
etorreborre, ryah, 1
alexdong, ebenhewitt, 1
gbrettmiller, ebenhewitt, 3
xefyr, hmason, 2
loganj, jhaile, 2
